{
  "passed": true,
  "n_samples": 60,
  "class_balance": {
    "BOUNCE_STRONG": 0.5333333333333333,
    "BREAKOUT": 0.4666666666666667
  },
  "nan_ratio": 0.0,
  "timestamp": "2026-05-22 23:32:53.922738"
}